{"cameraMode":{"drawMode":0,"name":"Shaded","section":"Shading Mode"},"sceneLighting":true,"audioPlay":false,"sceneViewState":{"m_AlwaysRefresh":false,"showFog":true,"showSkybox":true,"showFlares":true,"showImageEffects":true,"showParticleSystems":true,"showVisualEffectGraphs":true,"m_FxEnabled":true},"in2DMode":false,"pivot":{"x":-2.472339630126953,"y":0.09070539474487305,"z":10.305007934570313},"rotation":{"x":-0.1812286227941513,"y":0.5699913501739502,"z":-0.13064275681972505,"w":-0.7906971573829651},"size":16.426633834838868,"orthographic":false}